id,addr,reg,eng,raw,ok,scale,ro
F0.00,0xF000,61440,2.6,26,True,10,0
F0.01,0xF001,61441,0.5,5,True,10,0
F0.02,0xF002,61442,0.0,0,True,1,0
F0.03,0xF003,61443,0.0,0,True,1,0
F0.04,0xF004,61444,25.0,25,True,1,0
F0.05,0xF005,61445,0.0,0,True,1,0
F0.06,0xF006,61446,0.0,0,True,1,0
F0.07,0xF007,61447,1.0,10,True,10,0
F0.08,0xF008,61448,10.0,100,True,10,0
F0.09,0xF009,61449,0.0,0,True,10,0
F0.10,0xF00A,61450,9.0,90,True,10,0
F0.11,0xF00B,61451,0.0,0,True,10,0
F0.12,0xF00C,61452,3.5,35,True,10,0
F0.13,0xF00D,61453,2.5,25,True,10,0
F0.14,0xF00E,61454,0.0,0,True,1,0
F0.15,0xF00F,61455,0.0,0,True,1,0
F0.16,0xF010,61456,0.0,0,True,1,1
F0.17,0xF011,61457,2006.0,2006,True,1,1
F0.18,0xF012,61458,2.5,25,True,10,0
F0.19,0xF013,61459,5.0,50,True,10,0
F0.20,0xF014,61460,0.0,0,True,1,0
F1.00,0xF100,61696,0.0,0,True,1,1
F1.01,0xF101,61697,0.0,0,True,1,0
F1.02,0xF102,61698,0.0,0,True,1,1
F1.03,0xF103,61699,0.0,0,True,1,1
F1.04,0xF104,61700,0.0,0,True,1,0
F1.05,0xF105,61701,0.1,1,True,10,0
F1.06,0xF106,61702,5.0,5,True,1,0
F1.07,0xF107,61703,0.1,1,True,10,0
F1.17,0xF111,61713,1.0,1,True,1,0
F1.18,0xF112,61714,1.0,1,True,1,0
F2.00,0xF200,61952,0.0,0,True,1,0
F2.01,0xF201,61953,1000.0,1000,True,1,0
F2.02,0xF202,61954,0.0,0,True,1,0
F2.03,0xF203,61955,1000.0,1000,True,1,0
F2.04,0xF204,61956,1.0,1,True,1,0
F2.05,0xF205,61957,0.8,8,True,10,0
F2.06,0xF206,61958,63.0,6300,True,100,0
F2.07,0xF207,61959,63.0,6300,True,100,0
F2.08,0xF208,61960,40.0,4000,True,100,0
F2.09,0xF209,61961,0.0,0,True,1,0
F2.10,0xF20A,61962,15.0,150,True,10,0
F2.11,0xF20B,61963,2.0,2,True,1,0
F2.12,0xF20C,61964,0.0,0,True,1,0
F2.13,0xF20D,61965,3.0,3,True,1,0
F2.14,0xF20E,61966,4097.0,4097,True,1,0
F2.15,0xF20F,61967,800.0,800,True,1,0
F3.00,0xF300,62208,120.0,1200,True,10,0
F3.01,0xF301,62209,1.0,100,True,100,0
F3.02,0xF302,62210,0.0,0,True,10,0
F3.03,0xF303,62211,1.0,10,True,10,0
F3.04,0xF304,62212,0.0,0,True,1,0
F3.05,0xF305,62213,0.0,0,True,1,0
F3.06,0xF306,62214,0.0,0,True,1,0
F3.07,0xF307,62215,30.0,300,True,10,0
F3.08,0xF308,62216,2.0,2,True,1,0
F3.09,0xF309,62217,0.1,1,True,10,0
F3.10,0xF30A,62218,5.0,50,True,10,0
F3.11,0xF30B,62219,0.1,1,True,10,0
F3.12,0xF30C,62220,39.0,3900,True,100,0
F3.13,0xF30D,62221,39.0,3900,True,100,0
F3.14,0xF30E,62222,0.0,0,True,10,0
F3.15,0xF30F,62223,3.0,300,True,100,0
F3.16,0xF310,62224,3780.0,3780,True,1,0
F3.17,0xF311,62225,9.0,9,True,1,0
F3.18,0xF312,62226,3.0,3,True,1,0
F3.19,0xF313,62227,20.0,20,True,1,0
F3.20,0xF314,62228,2.0,20,True,10,0
F4.00,0xF400,62464,0.2,2,True,10,0
F4.01,0xF401,62465,0.6,6,True,10,0
F4.02,0xF402,62466,50.0,5000,True,100,0
F4.03,0xF403,62467,30.0,300,True,10,0
F4.04,0xF404,62468,700.0,700,True,1,0
F4.05,0xF405,62469,0.5,5,True,10,0
F4.06,0xF406,62470,9999.0,9999,True,1,0
F4.07,0xF407,62471,3.0,30,True,10,0
F4.08,0xF408,62472,20.0,200,True,10,0
F4.09,0xF409,62473,3.0,30,True,10,0
F4.10,0xF40A,62474,0.02,2,True,100,0
F4.11,0xF40B,62475,0.0,0,True,10,0
F4.12,0xF40C,62476,10.0,100,True,10,0
F4.13,0xF40D,62477,0.0,0,True,10,0
F4.15,0xF40F,62479,,,False,1,1
F5.00,0xF500,62720,0.0,0,True,1,0
F5.01,0xF501,62721,2.2,22,True,10,0
F5.02,0xF502,62722,3.8,380,True,100,0
F5.03,0xF503,62723,1.0,100,True,100,0
F5.04,0xF504,62724,50.0,5000,True,100,0
F5.05,0xF505,62725,3000.0,3000,True,1,0
F5.06,0xF506,62726,2.0,2,True,1,0
F5.07,0xF507,62727,51.0,51,True,1,0
F5.08,0xF508,62728,1140.0,1140,True,1,0
F5.09,0xF509,62729,907.0,907,True,1,0
F5.10,0xF50A,62730,1566.0,1566,True,1,0
F5.11,0xF50B,62731,1499.0,1499,True,1,0
F5.12,0xF50C,62732,0.0,0,True,1,0
F7.00,0xF700,63232,1.0,1,True,1,0
F7.01,0xF701,63233,11.0,11,True,1,0
F7.02,0xF702,63234,18.0,18,True,1,0
F7.07,0xF707,63239,2.0,2,True,1,0
F7.08,0xF708,63240,1.0,1,True,1,0
F8.00,0xF800,63488,1.0,1,True,1,0
F8.01,0xF801,63489,5.0,5,True,1,0
F8.02,0xF802,63490,3.0,3,True,1,0
F8.03,0xF803,63491,0.4,4,True,10,0
F8.04,0xF804,63492,1.0,10,True,10,0
F8.05,0xF805,63493,0.01,1,True,100,0
F9.00,0xF900,63744,28.0,28,True,1,1
F9.01,0xF901,63745,0.0,0,True,10,0
F9.12,0xF90C,63756,0.0,0,True,10,1
F9.13,0xF90D,63757,3000.0,29999,True,10,1
F9.14,0xF90E,63758,3000.0,29999,True,10,1
F9.15,0xF90F,63759,3000.0,29999,True,10,1
F9.16,0xF910,63760,3000.0,29999,True,10,1
F9.17,0xF911,63761,3000.0,29999,True,10,1
FD.00,0xFD00,64768,,,False,1,1
FD.01,0xFD01,64769,,,False,1,0
FD.02,0xFD02,64770,0.0,0,True,1,0
FE.00,0xFE00,65024,0.0,0,True,1,0
FE.01,0xFE01,65025,0.3,3,True,10,0
FE.02,0xFE02,65026,0.0,0,True,10,0
FE.03,0xFE03,65027,,,False,10,0
D0.00,0x1001,4097,0.0,0,True,100,0
D0.01,0x1000,4096,0.0,0,True,100,0
D0.02,0x1002,4098,535.5,5355,True,10,0
D0.03,0x1003,4099,0.0,0,True,1,0
D0.04,0x1004,4100,0.0,0,True,100,0
D0.05,0x1005,4101,0.0,0,True,10,0
D0.06,0x1006,4102,0.0,0,True,10,0
D0.07,0x1008,4104,2.0,2,True,1,0
D0.08,0x1009,4105,0.0,0,True,1,0
D0.09,0x100A,4106,198.0,198,True,1,0
D0.10,0x100B,4107,0.0,0,True,10,0
D0.11,0x100C,4108,1506.0,1506,True,1,0
D0.12,0x100D,4109,76.0,76,True,1,0
D0.13,0x100E,4110,33.0,33,True,1,0
D0.14,0x1007,4103,0.0,0,True,1,0
D0.15,0x100F,4111,2.6,26,True,10,0
D0.16,0x1010,4112,0.0,0,True,10,0
E0.00,0xE000,57344,15.0,15,True,1,0
E0.01,0xE001,57345,0.0,0,True,1,0
E0.02,0xE002,57346,0.0,0,True,1,0
E0.03,0xE003,57347,5538.0,5538,True,1,1
E0.04,0xE004,57348,2.0,2,True,1,0
E0.05,0xE005,57349,0.0,0,True,1,0
E0.06,0xE006,57350,21.0,21,True,1,0
E0.07,0xE007,57351,0.0,0,True,1,0
E0.08,0xE008,57352,0.0,0,True,1,0
E0.09,0xE009,57353,0.0,0,True,1,0
E0.10,0xE00A,57354,0.0,0,True,1,0
